{
    "src/addons/CoderBeams/MemberWatch/addon.json": "d1b5fec1047038148ddff6d2eab9becf7f8119aec883b8c8bb810f84a1ea5134",
    "src/addons/CoderBeams/MemberWatch/Entity/MemberWatch.php": "a8de7a17ac323142d7297e8477ef5c7df1454142ce150c52296e70b749c309ab",
    "src/addons/CoderBeams/MemberWatch/logo.png": "2d1cbdbf8020af73a0dea6245de9bbd40c5bd11166cf74179ce8f7e8a354a6f1",
    "src/addons/CoderBeams/MemberWatch/Repository/MemberWatch.php": "d51a918018798f687a15cf10849e04844c430678e1f576e2fcf1d90328e9392d",
    "src/addons/CoderBeams/MemberWatch/Service/Member/Watch.php": "25274483707a6451fc7616ab234d13b298795b30e56b174ec52e6342c0837b49",
    "src/addons/CoderBeams/MemberWatch/Setup.php": "0387244c2331b939ef801cb7718676fb23f622d5185d9861aefe1a8d38b20a3a",
    "src/addons/CoderBeams/MemberWatch/XF/Alert/User.php": "03c2198f6f24a12865d7588a3b5a33b055c59ee9796a6889411aacf4351134a7",
    "src/addons/CoderBeams/MemberWatch/XF/Entity/User.php": "3dc215d95d8b2fc144f59bb542bad0b69fee95c69a6c273f737a3cdfd76674e2",
    "src/addons/CoderBeams/MemberWatch/XF/Pub/Controller/Member.php": "9c828bfd568d57173b71e13d3b5cb2fc9cbfab35f9edb6d99319e23b7d466bda",
    "src/addons/CoderBeams/MemberWatch/XF/Service/Thread/Creator.php": "7b53a46a6f3984042eeb43d3eaf58aa6bc465cef0edc6090ef9ad5a6a1c6ae0f",
    "src/addons/CoderBeams/MemberWatch/XF/Service/Thread/Replier.php": "0dc02b55b7fd1e0e6a26e49f07646370f64d978461539eee310c278888112898",
    "src/addons/CoderBeams/MemberWatch/_data/activity_summary_definitions.xml": "99d8c2563a31320d66f958fc8bda78613545f5f7959bb3cf5318805e3a3c39d2",
    "src/addons/CoderBeams/MemberWatch/_data/admin_navigation.xml": "064ec797484ac00d5ee37367b50b06846d11f480d00550997712707f8fdac8c0",
    "src/addons/CoderBeams/MemberWatch/_data/admin_permission.xml": "ec6fb97cebf0bceb24f1ed1d5778c1db54eeb7535fbb3e31d824840e7aa9ff87",
    "src/addons/CoderBeams/MemberWatch/_data/advertising_positions.xml": "d2f7cbe844bb1df3cf878d22ff6306249245c8ff6b0b87b9b729744bec538261",
    "src/addons/CoderBeams/MemberWatch/_data/api_scopes.xml": "6793eaf758f140e8137187ba20e65f4faccf53410433ae3ad7a8b3b38cb6b3b7",
    "src/addons/CoderBeams/MemberWatch/_data/bb_codes.xml": "faa4ddd5f4a365e5ac39aebdcbe2d25aedf74e7eb9ea4a812766e2fd5e13bdb1",
    "src/addons/CoderBeams/MemberWatch/_data/bb_code_media_sites.xml": "29762987990187b33e43cfb68c08dc917b2d3f0176613d78f8e6c453f82da3f3",
    "src/addons/CoderBeams/MemberWatch/_data/class_extensions.xml": "a20210532df9d1034592be5a75db04303b182e1262934649f3b0cc12a67233ce",
    "src/addons/CoderBeams/MemberWatch/_data/code_events.xml": "8370dec3df47f91df4cf79da253446ad11b29f4ea568fe76c774e97a0379f0eb",
    "src/addons/CoderBeams/MemberWatch/_data/code_event_listeners.xml": "d6b5072f4909dee7a20ee9e44b163f95c8aa52e6ac7f573e292000cd9238c331",
    "src/addons/CoderBeams/MemberWatch/_data/content_type_fields.xml": "6be429099dbbe45d55752bb6c5356b1a604c77fdf072cb026020c76974765848",
    "src/addons/CoderBeams/MemberWatch/_data/cron.xml": "323c4284742ef24329cd6db6f288eb9736d2353f36852e1db12591e1583aea26",
    "src/addons/CoderBeams/MemberWatch/_data/help_pages.xml": "a8a0c0b06cdc550438bc8a8d385af3e1e5ab3459877dfb934c1c31be59c89163",
    "src/addons/CoderBeams/MemberWatch/_data/member_stats.xml": "89fb2b93ff1eca7a1f6f752248edf6090dfd24037db1446fd18ff7143f08124d",
    "src/addons/CoderBeams/MemberWatch/_data/navigation.xml": "f75e1c03a45a360bbdfcd0567121665082315068475d5b0feb8b1acbb1688651",
    "src/addons/CoderBeams/MemberWatch/_data/options.xml": "d1df1e235ca17a8e0ca27d82272a4fad1eb3cb1627380a81fb776e1921991447",
    "src/addons/CoderBeams/MemberWatch/_data/option_groups.xml": "6531d3c5f5847bdab740554a6a13538e0b3aaa19c39583adfa503bb4be3904b9",
    "src/addons/CoderBeams/MemberWatch/_data/permissions.xml": "7e4fc7d5826733d15ea2d8936b9bdd41afcaad810eb38e50da3c8d8eafda1550",
    "src/addons/CoderBeams/MemberWatch/_data/permission_interface_groups.xml": "3177224e96458b829aa7fb24866dda9e0455a4922aee3d669b53f59a1ffdf5d1",
    "src/addons/CoderBeams/MemberWatch/_data/phrases.xml": "b1fb296d5f31522d2fe4c96f17a1ed134e46a526fbc7af30cc8139c902c721f4",
    "src/addons/CoderBeams/MemberWatch/_data/routes.xml": "550fa64f9feedf137dd877b38c2684f94474619d2d83890dbb717a91b50da8f5",
    "src/addons/CoderBeams/MemberWatch/_data/style_properties.xml": "8b8690a8512f01f219dd2da76e3d0c5f62afc1f317b87794a7331c859c36a7a8",
    "src/addons/CoderBeams/MemberWatch/_data/style_property_groups.xml": "68e1879cb3846c42d978487aa8d5145ff3335fc39e58016878824d5cf3fd684c",
    "src/addons/CoderBeams/MemberWatch/_data/templates.xml": "838e6c286408b627a68e522266bb748e6c9607f1df57148b216e136b34bcfa8d",
    "src/addons/CoderBeams/MemberWatch/_data/template_modifications.xml": "aa3b70d3023176e0ac2d5baeebbfab7c33bb8bebe38136f694b34b0b6322548b",
    "src/addons/CoderBeams/MemberWatch/_data/widget_definitions.xml": "37e46965256430f24004c2e7f08ba08f9b0d1cbcc4d70e84b3f4e3ffb713e64b",
    "src/addons/CoderBeams/MemberWatch/_data/widget_positions.xml": "a29cee66134f6bc5d75ed9df1eef21096c24401915c5b5c774389c3d7bb2d5b3"
}