<?xml version="1.0" encoding="utf-8"?>
<options>
  <option option_id="cb_business_forum" edit_format="callback" data_type="array" advanced="0">
    <default_value>[]</default_value>
    <edit_format_params>\XF\Option\Forum::renderSelectMultiple</edit_format_params>
    <sub_options>*</sub_options>
    <relation group_id="cb_member_watch" display_order="2"/>
  </option>
  <option option_id="cb_min_follower_to_show" edit_format="spinbox" data_type="integer" advanced="0">
    <default_value>0</default_value>
    <relation group_id="cb_member_watch" display_order="3"/>
  </option>
  <option option_id="cb_mod_forum" edit_format="callback" data_type="array" advanced="0">
    <default_value>[]</default_value>
    <edit_format_params>\XF\Option\Forum::renderSelectMultiple</edit_format_params>
    <sub_options>*</sub_options>
    <relation group_id="cb_member_watch" display_order="1"/>
  </option>
  <option option_id="cb_normal_forum" edit_format="callback" data_type="array" advanced="0">
    <default_value>[]</default_value>
    <edit_format_params>\XF\Option\Forum::renderSelectMultiple</edit_format_params>
    <sub_options>*</sub_options>
    <relation group_id="cb_member_watch" display_order="1"/>
  </option>
  <option option_id="cb_reply_alert_enable" edit_format="onoff" data_type="integer" advanced="0">
    <default_value>0</default_value>
    <relation group_id="cb_member_watch" display_order="3"/>
  </option>
  <option option_id="cb_show_followers" edit_format="onoff" data_type="integer" advanced="0">
    <default_value>1</default_value>
    <relation group_id="cb_member_watch" display_order="4"/>
  </option>
  <option option_id="cb_show_followers_on_thread_view" edit_format="onoff" data_type="integer" advanced="0">
    <default_value>0</default_value>
    <relation group_id="cb_member_watch" display_order="5"/>
  </option>
</options>
