<?xml version="1.0" encoding="utf-8"?>
<navigation>
  <navigation_entry navigation_id="af_paidads_buy" parent_navigation_id="af_paidads_main" display_order="10" navigation_type_id="basic" enabled="1"><![CDATA[{"link":"{{ link('paid-ads') }}","display_condition":"$xf.visitor.user_id","extra_attributes":[]}]]></navigation_entry>
  <navigation_entry navigation_id="af_paidads_cart" parent_navigation_id="af_paidads_main" display_order="20" navigation_type_id="basic" enabled="1"><![CDATA[{"link":"{{ link('paid-ads\/cart') }}","display_condition":"$xf.visitor.user_id","extra_attributes":[]}]]></navigation_entry>
  <navigation_entry navigation_id="af_paidads_main" display_order="800" navigation_type_id="basic" enabled="1"><![CDATA[{"link":"{{ link('paid-ads') }}","display_condition":"$xf.visitor.canPurchasePaidAds()","extra_attributes":[]}]]></navigation_entry>
  <navigation_entry navigation_id="af_paidads_manage" parent_navigation_id="af_paidads_main" display_order="30" navigation_type_id="basic" enabled="1"><![CDATA[{"link":"{{ link('paid-ads\/manage') }}","display_condition":"$xf.visitor.user_id","extra_attributes":[]}]]></navigation_entry>
</navigation>
