{
    "src/addons/AddonFlare/PaidAds/addon.json": "6e13996d6aa7d71273a1a40a3458af8d9ee8f55d3aec6ae42f1d2d5dd46ede2e",
    "src/addons/AddonFlare/PaidAds/Admin/Controller/Ad.php": "e8b84283ef2641bed0145933b59232c74aa649407e3edbcc3de5a77d8eb802a6",
    "src/addons/AddonFlare/PaidAds/Admin/Controller/Location.php": "de58a11a633a2f770b0e4a7983e566fb7eb8ddc6b720f28c6dc760d1e95d0f03",
    "src/addons/AddonFlare/PaidAds/Alert/Ad.php": "f466d6d3d52acd43b72e738dc453aa48bab05a9061d11cedb1896d725db2ad7b",
    "src/addons/AddonFlare/PaidAds/Calendar.php": "62a4f8a8f976dd685a792899685247c7153bdbb5dcac0ae8016ad890610bcda6",
    "src/addons/AddonFlare/PaidAds/Cron/Cleanup.php": "4bac34d29c27e17e417405a1064aa0866eb42334c35ba964110c80bd60d22950",
    "src/addons/AddonFlare/PaidAds/Entity/Ad.php": "15bf7e60bf107fa39cf2bad7661bf40cd3a096b4427afa99171ce95780feda6b",
    "src/addons/AddonFlare/PaidAds/Entity/AdClick.php": "5f013c519f8492df978201aab46de719f10e5530ac1f1dabe2fb6fdd4ac37741",
    "src/addons/AddonFlare/PaidAds/Entity/AdDay.php": "e0a3ce3f67100cbe90847208bc05b22e78a00bdfc27478970aca07782a80e745",
    "src/addons/AddonFlare/PaidAds/Entity/Cart.php": "4d05a4b6ed7878a3718dde765b00919edfcb4aedb6d79b072e344c2927008562",
    "src/addons/AddonFlare/PaidAds/Entity/CartAd.php": "46e74be56e53af6fae39179119c903b64738abcd0d6fb5a43a862f8e51733e80",
    "src/addons/AddonFlare/PaidAds/Entity/CartAdDay.php": "436edf4cc43ca06795e471d589b1f8ed0411a9efe633680784b9c8e1d01a8f9a",
    "src/addons/AddonFlare/PaidAds/Entity/Location.php": "5401eebf743b5ca6223651b99f0ecfbd2344388b8cd128a72b5cd95e2dcd28e5",
    "src/addons/AddonFlare/PaidAds/icon.png": "ce8859c158fcd6413e5926ac5aaafb5c0bf10b43b77cb2064a1c9302c796de57",
    "src/addons/AddonFlare/PaidAds/IDs.php": "1665f9e32fdac00624b5f377d4e1b3633ae21743f128fb8897419bee4c08ba4a",
    "src/addons/AddonFlare/PaidAds/Listener.php": "2875192f6a37487a2096cff7bdea1c6611a52e74a964b3720c7406fc6704f9c7",
    "src/addons/AddonFlare/PaidAds/Option/Currency.php": "03d391f342a5d0d1be15ece3260c991738f3284ecc9b7ae1988aa8d6ce7fd7b3",
    "src/addons/AddonFlare/PaidAds/Option/PaymentProfile.php": "02c1688e990487c9acd24d565df4ccf98673ff330588bed5c13fec08d6d5bfd6",
    "src/addons/AddonFlare/PaidAds/Pub/Controller/Buy.php": "6a6dce4631db434a2025012ad46270f0c6f0d6e872a62bcc7953dfcc75925a1e",
    "src/addons/AddonFlare/PaidAds/Pub/Controller/Manage.php": "e7ec3dcca559d3c4a0169b6cc2601f87e048545943831ff0f410d4ec2116f33a",
    "src/addons/AddonFlare/PaidAds/Pub/Controller/Tracker.php": "c1472a58c0c38022b17274db388fd525af013aae0d0969226f4986c8380d8dfe",
    "src/addons/AddonFlare/PaidAds/Purchasable/Cart.php": "1a467cdbbc8f8795cabeeacdf151e594811d5a533f5e6704ad6d15cbf9655d02",
    "src/addons/AddonFlare/PaidAds/Repository/Ad.php": "941966447bdaad6cbd29b3efc7eabd4d3cdffea1fff8ec08b527a406b1fcf02a",
    "src/addons/AddonFlare/PaidAds/Repository/Cart.php": "f7e9f85e49399ef62c7587105078ec533156f24ec407044e28aa3db38b3e4aaa",
    "src/addons/AddonFlare/PaidAds/Repository/CartAd.php": "b94abf7f26eb53757d6085658d2de36546c5c79766f081a09234fe1c43e856e5",
    "src/addons/AddonFlare/PaidAds/Repository/Location.php": "5450b961e9da0fd9ff2fb16546dedad8c09fd1b9be4f84f57018536b9986443a",
    "src/addons/AddonFlare/PaidAds/Service/Ad/Banner.php": "84dba70b581bd4d3b4cc88af305a44880fa09e4602c9116b4ff57f3ab437ddab",
    "src/addons/AddonFlare/PaidAds/Service/Location/Banner.php": "79947f2b6b095df6ec6389b94f0c994f32b1c9d27590a3df5f5a30d46255a080",
    "src/addons/AddonFlare/PaidAds/Setup.php": "1b2c497aee94a90138acfa739d9998896c952999547403e2eb8afa945d159af6",
    "src/addons/AddonFlare/PaidAds/XF/Admin/Controller/Index.php": "6244546b477b54e49cc2ef0eecbb12bfe76f232728169afb7e8497d1da0d523a",
    "src/addons/AddonFlare/PaidAds/XF/Entity/User.php": "3137666e05a735a9603fc1494debf08c9911bdabe81cfce10617f763c2a8be25",
    "src/addons/AddonFlare/PaidAds/XF/Template/Templater.php": "fa872ee367b524ac5738465e6229055643e4498ff4d7c77bcc04b0ecf0a385f8",
    "src/addons/AddonFlare/PaidAds/_data/activity_summary_definitions.xml": "99d8c2563a31320d66f958fc8bda78613545f5f7959bb3cf5318805e3a3c39d2",
    "src/addons/AddonFlare/PaidAds/_data/admin_navigation.xml": "10d12c20c9d182cf78e30822f866fce98c585914b52fb38dfca44cc89dab4649",
    "src/addons/AddonFlare/PaidAds/_data/admin_permission.xml": "ec6fb97cebf0bceb24f1ed1d5778c1db54eeb7535fbb3e31d824840e7aa9ff87",
    "src/addons/AddonFlare/PaidAds/_data/advertising_positions.xml": "d2f7cbe844bb1df3cf878d22ff6306249245c8ff6b0b87b9b729744bec538261",
    "src/addons/AddonFlare/PaidAds/_data/api_scopes.xml": "6793eaf758f140e8137187ba20e65f4faccf53410433ae3ad7a8b3b38cb6b3b7",
    "src/addons/AddonFlare/PaidAds/_data/bb_codes.xml": "faa4ddd5f4a365e5ac39aebdcbe2d25aedf74e7eb9ea4a812766e2fd5e13bdb1",
    "src/addons/AddonFlare/PaidAds/_data/bb_code_media_sites.xml": "29762987990187b33e43cfb68c08dc917b2d3f0176613d78f8e6c453f82da3f3",
    "src/addons/AddonFlare/PaidAds/_data/class_extensions.xml": "645e75c2efba06ee383225cfaffee6df15a5de8a5bc5279110e1ac918dc95232",
    "src/addons/AddonFlare/PaidAds/_data/code_events.xml": "8370dec3df47f91df4cf79da253446ad11b29f4ea568fe76c774e97a0379f0eb",
    "src/addons/AddonFlare/PaidAds/_data/code_event_listeners.xml": "729967871fc2b68577c67415e751446eb30a96ac9fb4d90d281e9c1c1b0472a7",
    "src/addons/AddonFlare/PaidAds/_data/content_type_fields.xml": "1fa03507dce417efb2974106b18d3ca60563b2f5a19dd7afeba4044edfc16fd6",
    "src/addons/AddonFlare/PaidAds/_data/cron.xml": "7001960dc3029490c637c4bb53058aef2dbb008477a527ac084990b391478e15",
    "src/addons/AddonFlare/PaidAds/_data/help_pages.xml": "a8a0c0b06cdc550438bc8a8d385af3e1e5ab3459877dfb934c1c31be59c89163",
    "src/addons/AddonFlare/PaidAds/_data/member_stats.xml": "89fb2b93ff1eca7a1f6f752248edf6090dfd24037db1446fd18ff7143f08124d",
    "src/addons/AddonFlare/PaidAds/_data/navigation.xml": "eb88edcefa262756fc1e28993d11e84b25af268fd6bcdfcf3dc250049b96980a",
    "src/addons/AddonFlare/PaidAds/_data/options.xml": "2ed451341c5aa8f6625f85d015c6e918cd66695deb1b3b569f2f1d9f19f0272b",
    "src/addons/AddonFlare/PaidAds/_data/option_groups.xml": "8a4cf588231ccb39aac98e5b7be0582d52755869600852c7a71ae279160b8120",
    "src/addons/AddonFlare/PaidAds/_data/permissions.xml": "7e4fc7d5826733d15ea2d8936b9bdd41afcaad810eb38e50da3c8d8eafda1550",
    "src/addons/AddonFlare/PaidAds/_data/permission_interface_groups.xml": "3177224e96458b829aa7fb24866dda9e0455a4922aee3d669b53f59a1ffdf5d1",
    "src/addons/AddonFlare/PaidAds/_data/phrases.xml": "01cb28f5282a57aa5c0afea4282bfe2a3c11a59c4214150ed2250d9760602cee",
    "src/addons/AddonFlare/PaidAds/_data/routes.xml": "dd2d2c4d7468109245e9a389177e5e831f6d7c498b1b64cb2beba8fcfe8cefd3",
    "src/addons/AddonFlare/PaidAds/_data/style_properties.xml": "d26f088c39461745991a8e0fd303b2f2768a57423142b601ed5fcbf41818ac56",
    "src/addons/AddonFlare/PaidAds/_data/style_property_groups.xml": "96cb732be534f9be8a7a19349ff3e1936d5b802ac7b0ae01c068374a1bf55b93",
    "src/addons/AddonFlare/PaidAds/_data/templates.xml": "68d9cb9629ed17bd268d87328c117d5822dd448516fc573d8886e013243dad8b",
    "src/addons/AddonFlare/PaidAds/_data/template_modifications.xml": "bd0bbad1b6abc896221b234321bdc1a553fb41b82639922f4808f5911e512433",
    "src/addons/AddonFlare/PaidAds/_data/widget_definitions.xml": "37e46965256430f24004c2e7f08ba08f9b0d1cbcc4d70e84b3f4e3ffb713e64b",
    "src/addons/AddonFlare/PaidAds/_data/widget_positions.xml": "a29cee66134f6bc5d75ed9df1eef21096c24401915c5b5c774389c3d7bb2d5b3"
}