<?xml version="1.0" encoding="utf-8"?>
<template_modifications>
  <modification type="admin" template="index" modification_key="af_paidads_admin_index" description="Add pending notice" execution_order="10" enabled="1" action="preg_replace">
    <find><![CDATA[/<xf:if is="\$legacyConfig">.+?<\/xf:if>/s]]></find>
    <replace><![CDATA[$0
<xf:if is="$pendingAdsCount">
    <div class="blockMessage blockMessage--important blockMessage--iconic">
        <a href="{{ link('paid-ads/ads', null, {'status': 'pending'}) }}"> {{ $pendingAdsCount > 1 ? phrase('af_paidads_x_ads_pending', {'count' : $pendingAdsCount }) : phrase('af_paidads_1_ad_pending') }}</a>
    </div>
</xf:if>]]></replace>
  </modification>
</template_modifications>
